,n_estimators,criterion,max_features,f1_mean_score,f1_score_std,mean_time
0,500,log_loss,log2,0.7984215814008179,0.01576922293013891,0.945384681224823
1,100,gini,log2,0.7962828315343367,0.005646771628649083,0.16454780101776123
2,500,entropy,,0.7955271001760589,0.015377124634356216,1.855446457862854
3,500,log_loss,,0.7933298520750582,0.017942155110091305,1.8302886486053467
4,200,log_loss,sqrt,0.7907848792731891,0.02001230782785474,0.3665836453437805
