,n_estimators,criterion,max_features,f1_mean_score,f1_score_std,mean_time
0,200,entropy,log2,0.8017513166117975,0.02064063242143017,0.3690917491912842
1,50,entropy,0.2,0.8005845672214593,0.014039649392143121,0.07994735240936279
2,200,entropy,,0.7977500776638706,0.01045538439875977,0.707556962966919
3,200,entropy,sqrt,0.7957067568463524,0.013094865059494169,0.3683621883392334
4,50,log_loss,0.2,0.7737154314817459,0.01772968026005574,0.0804256796836853
