,n_estimators,criterion,max_features,f1_mean_score,f1_score_std,mean_time
0,500,log_loss,log2,0.7806162091876377,0.02503633763102758,0.9301178455352783
1,500,log_loss,0.2,0.7793573554332288,0.027528489473959077,0.837195873260498
2,200,gini,sqrt,0.7779385370228394,0.02195398182699352,0.36624324321746826
3,300,log_loss,,0.7775937436928756,0.02164400859343397,1.0910049676895142
4,100,gini,,0.7625240143720602,0.030358637875934277,0.30347394943237305
