,n_estimators,criterion,max_features,f1_mean_score,f1_score_std,mean_time
0,200,log_loss,,0.8073902013762722,0.009175375936788882,0.6928504705429077
1,200,gini,log2,0.8041142447645764,0.01576201441718215,0.3366854190826416
2,200,log_loss,log2,0.8036670094394348,0.013029422286419736,0.3635494112968445
3,500,gini,log2,0.7992825261261274,0.017665084944565868,0.8351409435272217
4,100,entropy,,0.7830083160750062,0.036861864809118246,0.3572723865509033
