,n_estimators,criterion,max_features,f1_mean_score,f1_score_std,mean_time
0,50,log_loss,0.2,0.7953220070001239,0.03346420840692323,0.08181476593017578
1,100,gini,log2,0.7929202741702742,0.037535120491658386,0.16380667686462402
2,100,gini,sqrt,0.7848430513216518,0.028623461313257922,0.16610980033874512
3,300,entropy,sqrt,0.7837641170952974,0.0028145276383055697,0.5653126239776611
4,300,gini,,0.7759639611876048,0.01643331595479223,0.9356575608253479
